id,original_raw_filename,original_processed_filename
001,IMG_6888.jpeg,IMG_6888.png
002,IMG_6889.jpeg,IMG_6889.png
003,IMG_6890.jpeg,IMG_6890.png
004,IMG_6891.jpeg,IMG_6891.png
005,IMG_6892.jpeg,IMG_6892.png
006,IMG_6893.jpeg,IMG_6893.png
007,IMG_6895.jpeg,IMG_6895.png
008,IMG_6896.jpeg,IMG_6896.png
009,IMG_6897.jpeg,IMG_6897.png
010,IMG_6900.jpeg,IMG_6900.png
011,IMG_6901.jpeg,IMG_6901.png
012,IMG_6902.jpeg,IMG_6902.png
013,IMG_6903.jpeg,IMG_6903.png
014,IMG_6904.jpeg,IMG_6904.png
015,IMG_6905.jpeg,IMG_6905.png
016,IMG_6906.jpeg,IMG_6906.png
017,IMG_6907.jpeg,IMG_6907.png
018,IMG_6908.jpeg,IMG_6908.png
019,IMG_6909.jpeg,IMG_6909.png
020,IMG_6910.jpeg,IMG_6910.png
021,IMG_6911.jpeg,IMG_6911.png
022,IMG_6912.jpeg,IMG_6912.png
023,IMG_6913.jpeg,IMG_6913.png
024,IMG_6914.jpeg,IMG_6914.png
025,IMG_6915.jpeg,IMG_6915.png
026,IMG_6916.jpeg,IMG_6916.png
027,IMG_6917.jpeg,IMG_6917.png
028,IMG_6918.jpeg,IMG_6918.png
029,IMG_6919.jpeg,IMG_6919.png
030,IMG_6920.jpeg,IMG_6920.png
031,IMG_6921.jpeg,IMG_6921.png
032,IMG_6922.jpeg,IMG_6922.png
033,IMG_6923.jpeg,IMG_6923.png
034,IMG_6924.jpeg,IMG_6924.png
035,IMG_6925.jpeg,IMG_6925.png
036,IMG_6926.jpeg,IMG_6926.png
037,IMG_6927.jpeg,IMG_6927.png
038,IMG_6929.jpeg,IMG_6929.png
039,IMG_6930.jpeg,IMG_6930.png
040,IMG_6931.jpeg,IMG_6931.png
041,IMG_6932.jpeg,IMG_6932.png
042,IMG_6934.jpeg,IMG_6934.png
043,IMG_6935.jpeg,IMG_6935.png
044,IMG_6936.jpeg,IMG_6936.png
045,IMG_6937.jpeg,IMG_6937.png
046,IMG_6938.jpeg,IMG_6938.png
047,IMG_6939.jpeg,IMG_6939.png
048,IMG_6940.jpeg,IMG_6940.png
049,IMG_6941.jpeg,IMG_6941.png
050,IMG_6942.jpeg,IMG_6942.png
051,IMG_6943.jpeg,IMG_6943.png
052,IMG_6944.jpeg,IMG_6944.png
053,IMG_6945.jpeg,IMG_6945.png
054,IMG_6946.jpeg,IMG_6946.png
055,IMG_6948.jpeg,IMG_6948.png
056,IMG_6949.jpeg,IMG_6949.png
057,IMG_6950.jpeg,IMG_6950.png
058,IMG_6951.jpeg,IMG_6951.png
059,IMG_6952.jpeg,IMG_6952.png
060,IMG_6953.jpeg,IMG_6953.png
061,IMG_6954.jpeg,IMG_6954.png
062,IMG_6955.jpeg,IMG_6955.png
063,IMG_6956.jpeg,IMG_6956.png
064,IMG_6957.jpeg,IMG_6957.png
065,IMG_6958.jpeg,IMG_6958.png
066,IMG_6959.jpeg,IMG_6959.png
067,IMG_6960.jpeg,IMG_6960.png
068,IMG_6962.jpeg,IMG_6962.png
069,IMG_6963.jpeg,IMG_6963.png
070,IMG_6964.jpeg,IMG_6964.png
071,IMG_6965.jpeg,IMG_6965.png
072,IMG_6966.jpeg,IMG_6966.png
073,IMG_6967.jpeg,IMG_6967.png
074,IMG_6968.jpeg,IMG_6968.png
